{"train_loss": 0.9425090168203626, "train_hd95": Infinity, "train_dice": 4.48606806457974e-05, "epoch": 1, "_timestamp": 1730542422.096527, "_runtime": 9.12284803390503, "_step": 5, "average_fractal_dimension": NaN, "val_loss": 1.002983848253886, "val_hd95": Infinity, "val_dice": 4.8579193389741704e-05, "best_val_loss": 1.002983848253886, "best_val_dice": 4.8579193389741704e-05, "best_val_hd95": Infinity, "_wandb": {"runtime": 110}}