{"train_loss": 0.9568365471703666, "train_hd95": Infinity, "train_dice": 4.503060699789785e-05, "epoch": 1, "_timestamp": 1730542153.6870265, "_runtime": 9.23444151878357, "_step": 5, "average_fractal_dimension": NaN, "val_loss": 0.9696869949499766, "val_hd95": Infinity, "val_dice": 4.857919702772051e-05, "best_val_loss": 0.961258719364802, "best_val_dice": 4.8579193389741704e-05, "best_val_hd95": Infinity, "_wandb": {"runtime": 9}}