{"train_loss": 0.33753703108855654, "train_hd95": 3.6319945443843493, "train_dice": 0.6778748035430908, "epoch": 199, "_timestamp": 1730538199.2024958, "_runtime": 692.0640048980713, "_step": 599, "average_fractal_dimension": 1.574708301271319, "val_loss": 0.34679239988327026, "val_hd95": 6.0850226497423465, "val_dice": 0.6684343814849854, "best_val_loss": 0.342349241177241, "best_val_dice": 0.6719818115234375, "best_val_hd95": 5.847668400966492, "_wandb": {"runtime": 692}}