{"train_loss": 0.5829716452530452, "train_hd95": 10.458253817504794, "train_dice": 0.44885754585266113, "epoch": 123, "_timestamp": 1730541612.5374062, "_runtime": 418.443546295166, "_step": 371, "average_fractal_dimension": 1.4773957339384458, "val_loss": 0.5992851257324219, "val_hd95": 16.744595086561727, "val_dice": 0.4361627697944641, "best_val_loss": 0.5992851257324219, "best_val_dice": 0.4361627697944641, "best_val_hd95": 16.744595086561727}