{"train_loss": 0.4654808023146221, "train_hd95": 6.518428805122378, "train_dice": 0.558922529220581, "epoch": 199, "_timestamp": 1730541872.2564237, "_runtime": 678.1625638008118, "_step": 599, "average_fractal_dimension": 1.4726690196676986, "val_loss": 0.5262315372625986, "val_hd95": 11.628574281012126, "val_dice": 0.49785351753234863, "best_val_loss": 0.506012370189031, "best_val_dice": 0.5202972888946533, "best_val_hd95": 12.977210792832887, "_wandb": {"runtime": 678}}