{"train_loss": 0.9582541414669582, "train_hd95": Infinity, "train_dice": 4.503237141761929e-05, "epoch": 1, "_timestamp": 1730542348.959167, "_runtime": 9.313035011291504, "_step": 5, "average_fractal_dimension": NaN, "val_loss": 0.9844246407349905, "val_hd95": Infinity, "val_dice": 4.8579193389741704e-05, "best_val_loss": 0.9844246407349905, "best_val_dice": 4.8579193389741704e-05, "best_val_hd95": Infinity, "_wandb": {"runtime": 13}}