{"train_loss": 0.8427447825670242, "train_dice": 0.15641845762729645, "epoch": 499, "_timestamp": 1729254790.6375983, "_runtime": 705.1169843673706, "_step": 999, "val_loss": 0.8737574517726898, "val_dice": 0.125762477517128, "best_val_loss": 0.8737110495567322, "best_val_dice": 0.1257624626159668, "_wandb": {"runtime": 704}}