{"train_loss": 0.3348569486822401, "train_hd95": 3.8717894822096555, "train_dice": 0.6806643009185791, "epoch": 199, "_timestamp": 1730539986.1233554, "_runtime": 725.111227273941, "_step": 599, "average_fractal_dimension": 1.570337696284734, "val_loss": 0.34503338237603504, "val_hd95": 5.529612608959353, "val_dice": 0.6693841814994812, "best_val_loss": 0.3394535134236018, "best_val_dice": 0.6744934320449829, "best_val_hd95": 6.554698744679723, "_wandb": {"runtime": 725}}