{"train_loss": 0.947893351316452, "train_hd95": Infinity, "train_dice": 4.502951560425572e-05, "epoch": 1, "_timestamp": 1730540934.9842763, "_runtime": 7.996735334396362, "_step": 3, "average_fractal_dimension": NaN, "val_loss": 0.8917476336161295, "val_hd95": Infinity, "val_dice": 0.0018997087609022856, "best_val_loss": 0.8917476336161295, "best_val_dice": 0.0018997087609022856, "best_val_hd95": Infinity, "_wandb": {"runtime": 7}}