{"train_loss": 0.9539075153214591, "train_hd95": Infinity, "train_dice": 4.503891250351444e-05, "epoch": 1, "_timestamp": 1730541072.1034336, "_runtime": 9.022334575653076, "_step": 5, "average_fractal_dimension": NaN, "val_loss": 1.0103991031646729, "val_hd95": Infinity, "val_dice": 4.8579193389741704e-05, "best_val_loss": 1.0103991031646729, "best_val_dice": 4.8579193389741704e-05, "best_val_hd95": Infinity, "_wandb": {"runtime": 9}}