{"train_loss": 0.14423757469654083, "train_dice": 0.8538439869880676, "epoch": 199, "_timestamp": 1726431677.9750087, "_runtime": 8676.012797832489, "_step": 399, "val_loss": 0.12601390093564988, "val_dice": 0.8729891180992126, "best_val_loss": 0.12601390093564988, "best_val_dice": 0.8729891180992126, "_wandb": {"runtime": 8676}}