{"train_loss": 0.8427226692438126, "train_dice": 0.15619763731956482, "epoch": 499, "_timestamp": 1729271810.980073, "_runtime": 520.5384540557861, "_step": 999, "val_loss": 0.8738730847835541, "val_dice": 0.125762477517128, "best_val_loss": 0.8737110495567322, "best_val_dice": 0.1257624626159668, "_wandb": {"runtime": 519}}