{"train_loss": 0.5556248298713139, "train_hd95": 8.49913419865738, "train_dice": 0.4759000539779663, "epoch": 199, "_timestamp": 1730543256.3273077, "_runtime": 692.5907998085022, "_step": 599, "average_fractal_dimension": 1.5105319941017596, "val_loss": 0.5924517611662546, "val_hd95": 15.963991730090848, "val_dice": 0.4400695562362671, "best_val_loss": 0.5924517611662546, "best_val_dice": 0.4400695562362671, "best_val_hd95": 15.963991730090848, "_wandb": {"runtime": 750}}